{
	"credit": "Made with Blockbench",
	"texture_size": [32, 32],
	"textures": {
		"1": "custom/letter/letter_3",
		"particle": "custom/letter/letter"
	},
	"elements": [
		{
			"from": [4.8, 2.3, 7.8],
			"to": [5.8, 11.1, 8.2],
			"rotation": {"angle": 0, "axis": "y", "origin": [12.8, 18.1, 15.8]},
			"faces": {
				"north": {"uv": [0, 0, 0.5, 4.40625], "texture": "#1"},
				"east": {"uv": [0, 4.5, 0.1875, 8.90625], "texture": "#1"},
				"south": {"uv": [0.5, 0.5, 1, 4.90625], "texture": "#1"},
				"west": {"uv": [4.5, 4.5, 4.6875, 8.90625], "texture": "#1"},
				"up": {"uv": [8, 3.1875, 7.5, 3], "texture": "#1"},
				"down": {"uv": [8, 3.5, 7.5, 3.6875], "texture": "#1"}
			}
		},
		{
			"from": [5.8, 2.3, 7.8],
			"to": [6.8, 10.3, 8.2],
			"rotation": {"angle": 0, "axis": "y", "origin": [13.8, 18.1, 15.8]},
			"faces": {
				"north": {"uv": [2, 2, 2.5, 6], "texture": "#1"},
				"east": {"uv": [4, 0, 4.1875, 4], "texture": "#1"},
				"south": {"uv": [2.5, 2.5, 3, 6.5], "texture": "#1"},
				"west": {"uv": [5, 5, 5.1875, 9], "texture": "#1"},
				"up": {"uv": [8, 4.1875, 7.5, 4], "texture": "#1"},
				"down": {"uv": [8, 4.5, 7.5, 4.6875], "texture": "#1"}
			}
		},
		{
			"from": [7.4, 3.2, 7.8],
			"to": [7.8, 9.6, 8.2],
			"rotation": {"angle": 0, "axis": "y", "origin": [14.8, 18.1, 15.8]},
			"faces": {
				"north": {"uv": [5, 0, 5.1875, 3.1875], "texture": "#1"},
				"east": {"uv": [1, 5.5, 1.1875, 8.6875], "texture": "#1"},
				"south": {"uv": [5.5, 5.5, 5.6875, 8.6875], "texture": "#1"},
				"west": {"uv": [5.5, 0, 5.6875, 3.1875], "texture": "#1"},
				"up": {"uv": [5.1875, 9.1875, 5, 9], "texture": "#1"},
				"down": {"uv": [5.6875, 9, 5.5, 9.1875], "texture": "#1"}
			}
		},
		{
			"from": [7.8, 4.3, 7.8],
			"to": [8.8, 8.9, 8.2],
			"rotation": {"angle": 0, "axis": "y", "origin": [15.8, 18.1, 15.8]},
			"faces": {
				"north": {"uv": [2.5, 0, 3, 2.3125], "texture": "#1"},
				"east": {"uv": [6, 3, 6.1875, 5.3125], "texture": "#1"},
				"south": {"uv": [3, 0, 3.5, 2.3125], "texture": "#1"},
				"west": {"uv": [2.5, 6.5, 2.6875, 8.8125], "texture": "#1"},
				"up": {"uv": [8, 5.1875, 7.5, 5], "texture": "#1"},
				"down": {"uv": [8, 5.5, 7.5, 5.6875], "texture": "#1"}
			}
		},
		{
			"from": [8.8, 2.3, 7.8],
			"to": [9.8, 8.4, 8.2],
			"rotation": {"angle": 0, "axis": "y", "origin": [16.8, 18.1, 15.8]},
			"faces": {
				"north": {"uv": [3, 3, 3.5, 6.0625], "texture": "#1"},
				"east": {"uv": [1.5, 6, 1.6875, 9.0625], "texture": "#1"},
				"south": {"uv": [3.5, 3.5, 4, 6.5625], "texture": "#1"},
				"west": {"uv": [2, 6, 2.1875, 9.0625], "texture": "#1"},
				"up": {"uv": [8, 6.1875, 7.5, 6], "texture": "#1"},
				"down": {"uv": [8, 6.5, 7.5, 6.6875], "texture": "#1"}
			}
		},
		{
			"from": [9.8, 2.3, 7.8],
			"to": [10.8, 11.1, 8.2],
			"rotation": {"angle": 0, "axis": "y", "origin": [17.8, 18.1, 15.8]},
			"faces": {
				"north": {"uv": [1, 1, 1.5, 5.40625], "texture": "#1"},
				"east": {"uv": [4.5, 0, 4.6875, 4.40625], "texture": "#1"},
				"south": {"uv": [1.5, 1.5, 2, 5.90625], "texture": "#1"},
				"west": {"uv": [0.5, 5, 0.6875, 9.40625], "texture": "#1"},
				"up": {"uv": [8, 7.1875, 7.5, 7], "texture": "#1"},
				"down": {"uv": [4, 8, 3.5, 8.1875], "texture": "#1"}
			}
		},
		{
			"from": [8.8, 9.2, 7.8],
			"to": [9.8, 11.1, 8.2],
			"rotation": {"angle": 0, "axis": "y", "origin": [16.8, 20.1, 15.8]},
			"faces": {
				"north": {"uv": [1, 0, 1.5, 0.9375], "texture": "#1"},
				"east": {"uv": [6.5, 6.5, 6.6875, 7.4375], "texture": "#1"},
				"south": {"uv": [1.5, 0, 2, 0.9375], "texture": "#1"},
				"west": {"uv": [6.5, 0, 6.6875, 0.9375], "texture": "#1"},
				"up": {"uv": [4.5, 8.1875, 4, 8], "texture": "#1"},
				"down": {"uv": [7.5, 8, 7, 8.1875], "texture": "#1"}
			}
		},
		{
			"from": [9, 8.4, 7.8],
			"to": [9.8, 9, 8.2],
			"rotation": {"angle": 0, "axis": "y", "origin": [16.8, 19.1, 15.8]},
			"faces": {
				"north": {"uv": [3, 2.5, 3.40625, 2.8125], "texture": "#1"},
				"east": {"uv": [8.5, 3, 8.6875, 3.3125], "texture": "#1"},
				"south": {"uv": [3.5, 3, 3.90625, 3.3125], "texture": "#1"},
				"west": {"uv": [8.5, 3.5, 8.6875, 3.8125], "texture": "#1"},
				"up": {"uv": [8.40625, 7.1875, 8, 7], "texture": "#1"},
				"down": {"uv": [8.40625, 7.5, 8, 7.6875], "texture": "#1"}
			}
		},
		{
			"from": [8, 9.3, 7.8],
			"to": [8.8, 11.1, 8.2],
			"rotation": {"angle": 0, "axis": "y", "origin": [15.8, 21.1, 15.8]},
			"faces": {
				"north": {"uv": [2, 0, 2.40625, 0.90625], "texture": "#1"},
				"east": {"uv": [6.5, 1, 6.6875, 1.90625], "texture": "#1"},
				"south": {"uv": [2, 1, 2.40625, 1.90625], "texture": "#1"},
				"west": {"uv": [6.5, 2, 6.6875, 2.90625], "texture": "#1"},
				"up": {"uv": [3.40625, 8.6875, 3, 8.5], "texture": "#1"},
				"down": {"uv": [3.90625, 8.5, 3.5, 8.6875], "texture": "#1"}
			}
		},
		{
			"from": [7, 9.8, 7.8],
			"to": [8, 11.1, 8.2],
			"rotation": {"angle": 0, "axis": "y", "origin": [14.8, 21.1, 15.8]},
			"faces": {
				"north": {"uv": [5, 3.5, 5.5, 4.15625], "texture": "#1"},
				"east": {"uv": [7, 4.5, 7.1875, 5.15625], "texture": "#1"},
				"south": {"uv": [5.5, 3.5, 6, 4.15625], "texture": "#1"},
				"west": {"uv": [7, 5.5, 7.1875, 6.15625], "texture": "#1"},
				"up": {"uv": [8, 8.1875, 7.5, 8], "texture": "#1"},
				"down": {"uv": [8.5, 8, 8, 8.1875], "texture": "#1"}
			}
		},
		{
			"from": [6, 10.6, 7.8],
			"to": [7, 11.1, 8.2],
			"rotation": {"angle": 0, "axis": "y", "origin": [13.8, 21.1, 15.8]},
			"faces": {
				"north": {"uv": [6.5, 6, 7, 6.25], "texture": "#1"},
				"east": {"uv": [8.5, 6, 8.6875, 6.25], "texture": "#1"},
				"south": {"uv": [7, 4, 7.5, 4.25], "texture": "#1"},
				"west": {"uv": [8.5, 6.5, 8.6875, 6.75], "texture": "#1"},
				"up": {"uv": [8.5, 0.1875, 8, 0], "texture": "#1"},
				"down": {"uv": [8.5, 0.5, 8, 0.6875], "texture": "#1"}
			}
		},
		{
			"from": [4.5, 11.1, 7.8],
			"to": [5.5, 11.3, 8.2],
			"rotation": {"angle": 0, "axis": "y", "origin": [12.3, 21.6, 15.8]},
			"faces": {
				"north": {"uv": [8.5, 7, 9, 7.09375], "texture": "#1"},
				"east": {"uv": [0.5, 9.5, 0.6875, 9.59375], "texture": "#1"},
				"south": {"uv": [8.5, 7.5, 9, 7.59375], "texture": "#1"},
				"west": {"uv": [1, 9.5, 1.1875, 9.59375], "texture": "#1"},
				"up": {"uv": [8.5, 1.1875, 8, 1], "texture": "#1"},
				"down": {"uv": [8.5, 1.5, 8, 1.6875], "texture": "#1"}
			}
		},
		{
			"from": [4.4, 11.3, 7.8],
			"to": [5.2, 11.4, 8.2],
			"rotation": {"angle": 0, "axis": "y", "origin": [12, 21.8, 15.8]},
			"faces": {
				"north": {"uv": [9, 6.5, 9.40625, 6.5625], "texture": "#1"},
				"east": {"uv": [9.5, 0.5, 9.6875, 0.5625], "texture": "#1"},
				"south": {"uv": [9, 7, 9.40625, 7.0625], "texture": "#1"},
				"west": {"uv": [9.5, 1, 9.6875, 1.0625], "texture": "#1"},
				"up": {"uv": [4.40625, 8.6875, 4, 8.5], "texture": "#1"},
				"down": {"uv": [6.90625, 8.5, 6.5, 8.6875], "texture": "#1"}
			}
		},
		{
			"from": [4.7, 6.1, 7.8],
			"to": [4.8, 6.9, 8.2],
			"rotation": {"angle": 0, "axis": "y", "origin": [12, 16.8, 15.8]},
			"faces": {
				"north": {"uv": [9, 7.5, 9.0625, 7.90625], "texture": "#1"},
				"east": {"uv": [7, 8.5, 7.1875, 8.90625], "texture": "#1"},
				"south": {"uv": [9, 8, 9.0625, 8.40625], "texture": "#1"},
				"west": {"uv": [7.5, 8.5, 7.6875, 8.90625], "texture": "#1"},
				"up": {"uv": [9.5625, 1.6875, 9.5, 1.5], "texture": "#1"},
				"down": {"uv": [9.5625, 2, 9.5, 2.1875], "texture": "#1"}
			}
		},
		{
			"from": [4.6, 6.3, 7.8],
			"to": [4.7, 6.7, 8.2],
			"rotation": {"angle": 0, "axis": "y", "origin": [11.9, 16.8, 15.8]},
			"faces": {
				"north": {"uv": [9.5, 2.5, 9.5625, 2.6875], "texture": "#1"},
				"east": {"uv": [6, 9, 6.1875, 9.1875], "texture": "#1"},
				"south": {"uv": [9.5, 3, 9.5625, 3.1875], "texture": "#1"},
				"west": {"uv": [6.5, 9, 6.6875, 9.1875], "texture": "#1"},
				"up": {"uv": [9.5625, 3.6875, 9.5, 3.5], "texture": "#1"},
				"down": {"uv": [9.5625, 4, 9.5, 4.1875], "texture": "#1"}
			}
		},
		{
			"from": [4.5, 6.3, 7.8],
			"to": [4.6, 6.5, 8.2],
			"rotation": {"angle": 0, "axis": "y", "origin": [11.8, 16.8, 15.8]},
			"faces": {
				"north": {"uv": [0, 10, 0.0625, 10.09375], "texture": "#1"},
				"east": {"uv": [1.5, 9.5, 1.6875, 9.59375], "texture": "#1"},
				"south": {"uv": [0.5, 10, 0.5625, 10.09375], "texture": "#1"},
				"west": {"uv": [2, 9.5, 2.1875, 9.59375], "texture": "#1"},
				"up": {"uv": [9.5625, 4.6875, 9.5, 4.5], "texture": "#1"},
				"down": {"uv": [9.5625, 5, 9.5, 5.1875], "texture": "#1"}
			}
		},
		{
			"from": [10.8, 2.1, 7.8],
			"to": [11, 3.9, 8.2],
			"rotation": {"angle": 0, "axis": "y", "origin": [18.8, 17.6, 15.8]},
			"faces": {
				"north": {"uv": [8, 3, 8.09375, 3.90625], "texture": "#1"},
				"east": {"uv": [6.5, 3, 6.6875, 3.90625], "texture": "#1"},
				"south": {"uv": [8, 4, 8.09375, 4.90625], "texture": "#1"},
				"west": {"uv": [6.5, 4, 6.6875, 4.90625], "texture": "#1"},
				"up": {"uv": [2.59375, 9.6875, 2.5, 9.5], "texture": "#1"},
				"down": {"uv": [3.09375, 9.5, 3, 9.6875], "texture": "#1"}
			}
		},
		{
			"from": [11, 2.3, 7.8],
			"to": [11.1, 3.6, 8.2],
			"rotation": {"angle": 0, "axis": "y", "origin": [19, 17.6, 15.8]},
			"faces": {
				"north": {"uv": [4, 9, 4.0625, 9.65625], "texture": "#1"},
				"east": {"uv": [3, 7.5, 3.1875, 8.15625], "texture": "#1"},
				"south": {"uv": [4.5, 9, 4.5625, 9.65625], "texture": "#1"},
				"west": {"uv": [6.5, 7.5, 6.6875, 8.15625], "texture": "#1"},
				"up": {"uv": [9.5625, 5.6875, 9.5, 5.5], "texture": "#1"},
				"down": {"uv": [9.5625, 6, 9.5, 6.1875], "texture": "#1"}
			}
		},
		{
			"from": [11.1, 3.3, 7.8],
			"to": [11.2, 3.5, 8.2],
			"rotation": {"angle": 0, "axis": "y", "origin": [19.1, 17.6, 15.8]},
			"faces": {
				"north": {"uv": [1, 10, 1.0625, 10.09375], "texture": "#1"},
				"east": {"uv": [3.5, 9.5, 3.6875, 9.59375], "texture": "#1"},
				"south": {"uv": [1.5, 10, 1.5625, 10.09375], "texture": "#1"},
				"west": {"uv": [5, 9.5, 5.1875, 9.59375], "texture": "#1"},
				"up": {"uv": [9.5625, 6.6875, 9.5, 6.5], "texture": "#1"},
				"down": {"uv": [9.5625, 7, 9.5, 7.1875], "texture": "#1"}
			}
		},
		{
			"from": [10.2, 10.2, 7.8],
			"to": [11.1, 11.3, 8.2],
			"rotation": {"angle": 0, "axis": "y", "origin": [18.2, 18.8, 15.8]},
			"faces": {
				"north": {"uv": [5.5, 4.5, 5.9375, 5.0625], "texture": "#1"},
				"east": {"uv": [7.5, 0, 7.6875, 0.5625], "texture": "#1"},
				"south": {"uv": [3, 6.5, 3.4375, 7.0625], "texture": "#1"},
				"west": {"uv": [7.5, 1, 7.6875, 1.5625], "texture": "#1"},
				"up": {"uv": [8.4375, 5.1875, 8, 5], "texture": "#1"},
				"down": {"uv": [8.4375, 5.5, 8, 5.6875], "texture": "#1"}
			}
		},
		{
			"from": [10.1, 11.3, 7.8],
			"to": [10.8, 11.5, 8.2],
			"rotation": {"angle": 0, "axis": "y", "origin": [18.2, 19.4, 15.8]},
			"faces": {
				"north": {"uv": [9, 1.5, 9.34375, 1.59375], "texture": "#1"},
				"east": {"uv": [5.5, 9.5, 5.6875, 9.59375], "texture": "#1"},
				"south": {"uv": [9, 2, 9.34375, 2.09375], "texture": "#1"},
				"west": {"uv": [6, 9.5, 6.1875, 9.59375], "texture": "#1"},
				"up": {"uv": [8.84375, 1.1875, 8.5, 1], "texture": "#1"},
				"down": {"uv": [8.84375, 1.5, 8.5, 1.6875], "texture": "#1"}
			}
		},
		{
			"from": [10.1, 11.5, 7.8],
			"to": [10.5, 11.7, 8.2],
			"rotation": {"angle": 0, "axis": "y", "origin": [18.2, 19.6, 15.8]},
			"faces": {
				"north": {"uv": [6.5, 9.5, 6.6875, 9.59375], "texture": "#1"},
				"east": {"uv": [7, 9.5, 7.1875, 9.59375], "texture": "#1"},
				"south": {"uv": [7.5, 9.5, 7.6875, 9.59375], "texture": "#1"},
				"west": {"uv": [8, 9.5, 8.1875, 9.59375], "texture": "#1"},
				"up": {"uv": [7.1875, 9.1875, 7, 9], "texture": "#1"},
				"down": {"uv": [7.6875, 9, 7.5, 9.1875], "texture": "#1"}
			}
		},
		{
			"from": [11.1, 10.3, 7.8],
			"to": [11.2, 10.5, 8.2],
			"rotation": {"angle": 0, "axis": "y", "origin": [19.2, 18.4, 15.8]},
			"faces": {
				"north": {"uv": [2, 10, 2.0625, 10.09375], "texture": "#1"},
				"east": {"uv": [8.5, 9.5, 8.6875, 9.59375], "texture": "#1"},
				"south": {"uv": [2.5, 10, 2.5625, 10.09375], "texture": "#1"},
				"west": {"uv": [9, 9.5, 9.1875, 9.59375], "texture": "#1"},
				"up": {"uv": [9.5625, 7.6875, 9.5, 7.5], "texture": "#1"},
				"down": {"uv": [9.5625, 8, 9.5, 8.1875], "texture": "#1"}
			}
		},
		{
			"from": [8.4, 2.3, 7.8],
			"to": [8.8, 4.1, 8.2],
			"rotation": {"angle": 0, "axis": "y", "origin": [15.8, 14.6, 15.8]},
			"faces": {
				"north": {"uv": [6.5, 5, 6.6875, 5.90625], "texture": "#1"},
				"east": {"uv": [3.5, 7, 3.6875, 7.90625], "texture": "#1"},
				"south": {"uv": [4, 7, 4.1875, 7.90625], "texture": "#1"},
				"west": {"uv": [7, 7, 7.1875, 7.90625], "texture": "#1"},
				"up": {"uv": [8.1875, 9.1875, 8, 9], "texture": "#1"},
				"down": {"uv": [8.6875, 9, 8.5, 9.1875], "texture": "#1"}
			}
		},
		{
			"from": [8, 2.3, 7.8],
			"to": [8.4, 3.8, 8.2],
			"rotation": {"angle": 0, "axis": "y", "origin": [15.4, 14.5, 15.8]},
			"faces": {
				"north": {"uv": [7, 0, 7.1875, 0.75], "texture": "#1"},
				"east": {"uv": [7, 1, 7.1875, 1.75], "texture": "#1"},
				"south": {"uv": [7, 2, 7.1875, 2.75], "texture": "#1"},
				"west": {"uv": [7, 3, 7.1875, 3.75], "texture": "#1"},
				"up": {"uv": [9.1875, 9.1875, 9, 9], "texture": "#1"},
				"down": {"uv": [9.1875, 0, 9, 0.1875], "texture": "#1"}
			}
		},
		{
			"from": [7.8, 4, 7.8],
			"to": [8.2, 4.3, 8.2],
			"rotation": {"angle": 0, "axis": "y", "origin": [15.2, 16.2, 15.8]},
			"faces": {
				"north": {"uv": [9, 2.5, 9.1875, 2.65625], "texture": "#1"},
				"east": {"uv": [9, 3, 9.1875, 3.15625], "texture": "#1"},
				"south": {"uv": [9, 3.5, 9.1875, 3.65625], "texture": "#1"},
				"west": {"uv": [9, 4, 9.1875, 4.15625], "texture": "#1"},
				"up": {"uv": [9.1875, 0.6875, 9, 0.5], "texture": "#1"},
				"down": {"uv": [9.1875, 1, 9, 1.1875], "texture": "#1"}
			}
		},
		{
			"from": [7, 2.3, 7.8],
			"to": [8, 3, 8.2],
			"rotation": {"angle": 0, "axis": "y", "origin": [14.8, 15.1, 15.8]},
			"faces": {
				"north": {"uv": [0.5, 0, 1, 0.34375], "texture": "#1"},
				"east": {"uv": [8.5, 2, 8.6875, 2.34375], "texture": "#1"},
				"south": {"uv": [1.5, 1, 2, 1.34375], "texture": "#1"},
				"west": {"uv": [8.5, 2.5, 8.6875, 2.84375], "texture": "#1"},
				"up": {"uv": [8.5, 2.1875, 8, 2], "texture": "#1"},
				"down": {"uv": [8.5, 2.5, 8, 2.6875], "texture": "#1"}
			}
		},
		{
			"from": [6.8, 4.1, 7.8],
			"to": [7.4, 9.6, 8.2],
			"rotation": {"angle": 0, "axis": "y", "origin": [14.4, 18.1, 15.8]},
			"faces": {
				"north": {"uv": [3.5, 0, 3.8125, 2.75], "texture": "#1"},
				"east": {"uv": [6, 6, 6.1875, 8.75], "texture": "#1"},
				"south": {"uv": [4, 4, 4.3125, 6.75], "texture": "#1"},
				"west": {"uv": [6, 0, 6.1875, 2.75], "texture": "#1"},
				"up": {"uv": [8.8125, 4.1875, 8.5, 4], "texture": "#1"},
				"down": {"uv": [8.8125, 4.5, 8.5, 4.6875], "texture": "#1"}
			}
		},
		{
			"from": [6.8, 3.1, 7.8],
			"to": [7.3, 4, 8.2],
			"rotation": {"angle": 0, "axis": "y", "origin": [14.4, 17.1, 15.8]},
			"faces": {
				"north": {"uv": [7, 6.5, 7.25, 6.9375], "texture": "#1"},
				"east": {"uv": [8, 6, 8.1875, 6.4375], "texture": "#1"},
				"south": {"uv": [7.5, 7.5, 7.75, 7.9375], "texture": "#1"},
				"west": {"uv": [8, 6.5, 8.1875, 6.9375], "texture": "#1"},
				"up": {"uv": [8.75, 8.1875, 8.5, 8], "texture": "#1"},
				"down": {"uv": [0.25, 9, 0, 9.1875], "texture": "#1"}
			}
		},
		{
			"from": [4.5, 2, 7.8],
			"to": [5.1, 2.8, 8.2],
			"rotation": {"angle": 0, "axis": "y", "origin": [12.8, 14.1, 15.8]},
			"faces": {
				"north": {"uv": [5, 4.5, 5.3125, 4.90625], "texture": "#1"},
				"east": {"uv": [8, 8.5, 8.1875, 8.90625], "texture": "#1"},
				"south": {"uv": [6, 5.5, 6.3125, 5.90625], "texture": "#1"},
				"west": {"uv": [8.5, 8.5, 8.6875, 8.90625], "texture": "#1"},
				"up": {"uv": [8.8125, 5.1875, 8.5, 5], "texture": "#1"},
				"down": {"uv": [8.8125, 5.5, 8.5, 5.6875], "texture": "#1"}
			}
		},
		{
			"from": [4.4, 1.8, 7.8],
			"to": [4.9, 2.6, 8.2],
			"rotation": {"angle": 0, "axis": "y", "origin": [12.6, 13.9, 15.8]},
			"faces": {
				"north": {"uv": [7.5, 2, 7.75, 2.40625], "texture": "#1"},
				"east": {"uv": [8.5, 0, 8.6875, 0.40625], "texture": "#1"},
				"south": {"uv": [7.5, 2.5, 7.75, 2.90625], "texture": "#1"},
				"west": {"uv": [8.5, 0.5, 8.6875, 0.90625], "texture": "#1"},
				"up": {"uv": [1.25, 9.1875, 1, 9], "texture": "#1"},
				"down": {"uv": [2.75, 9, 2.5, 9.1875], "texture": "#1"}
			}
		},
		{
			"from": [4.2, 1.9, 7.8],
			"to": [4.5, 2.2, 8.2],
			"rotation": {"angle": 0, "axis": "y", "origin": [12.2, 13.9, 15.8]},
			"faces": {
				"north": {"uv": [9, 8.5, 9.15625, 8.65625], "texture": "#1"},
				"east": {"uv": [9, 4.5, 9.1875, 4.65625], "texture": "#1"},
				"south": {"uv": [0, 9.5, 0.15625, 9.65625], "texture": "#1"},
				"west": {"uv": [9, 5, 9.1875, 5.15625], "texture": "#1"},
				"up": {"uv": [9.15625, 5.6875, 9, 5.5], "texture": "#1"},
				"down": {"uv": [9.15625, 6, 9, 6.1875], "texture": "#1"}
			}
		},
		{
			"from": [4.7, 2.8, 7.8],
			"to": [4.8, 3.3, 8.2],
			"rotation": {"angle": 0, "axis": "y", "origin": [12.5, 14.9, 15.8]},
			"faces": {
				"north": {"uv": [9.5, 9.5, 9.5625, 9.75], "texture": "#1"},
				"east": {"uv": [3, 9, 3.1875, 9.25], "texture": "#1"},
				"south": {"uv": [9.5, 0, 9.5625, 0.25], "texture": "#1"},
				"west": {"uv": [3.5, 9, 3.6875, 9.25], "texture": "#1"},
				"up": {"uv": [9.5625, 8.6875, 9.5, 8.5], "texture": "#1"},
				"down": {"uv": [9.5625, 9, 9.5, 9.1875], "texture": "#1"}
			}
		}
	],
	"display": {
		"thirdperson_righthand": {
			"rotation": [24, -180, 0],
			"translation": [0, 2, 1.5],
			"scale": [0.7, 0.7, 0.7]
		},
		"thirdperson_lefthand": {
			"rotation": [24, -180, 0],
			"translation": [0, 2, 1.5],
			"scale": [0.7, 0.7, 0.7]
		},
		"firstperson_righthand": {
			"rotation": [0, -180, 0],
			"translation": [-9, 10.25, 0],
			"scale": [2.14, 2.14, 0.31]
		},
		"firstperson_lefthand": {
			"rotation": [0, -180, 0],
			"translation": [-9, 10.25, 0],
			"scale": [2.14, 2.14, 0.31]
		},
		"ground": {
			"translation": [0, 1, 0],
			"scale": [0.7, 0.7, 0.7]
		},
		"gui": {
			"rotation": [0, -180, 0],
			"translation": [-0.5, 2.25, 0],
			"scale": [2.42, 2, 1.89]
		},
		"head": {
			"translation": [0.5, 1.25, -6.5],
			"scale": [2, 2, 2]
		},
		"fixed": {
			"translation": [0.75, 5.25, -0.25],
			"scale": [4, 4, 3.94]
		}
	},
	"groups": [
		{
			"name": "paper",
			"origin": [12.5, 14.9, 15.8],
			"children": [0, 1, 2, 3, 4, 5, 6, 7, 8, 9, 10, 11, 12, 13, 14, 15, 16, 17, 18, 19, 20, 21, 22, 23, 24, 25, 26, 27, 28, 29, 30, 31, 32]
		}
	]
}