{
	"credit": "Made with Blockbench",
	"texture_size": [64, 64],
	"textures": {
		"0": "custom/slender_person/skull",
		"1": "custom/slender_person/tooth",
		"particle": "custom/slender_person/skull"
	},
	"elements": [
		{
			"from": [11.3, 9, 3.4],
			"to": [12.1, 11, 12.7],
			"faces": {
				"north": {"uv": [8.25, 11.5, 8.5, 12], "texture": "#0"},
				"east": {"uv": [9.25, 4.75, 11.5, 5.25], "texture": "#0"},
				"south": {"uv": [8.5, 11.5, 8.75, 12], "texture": "#0"},
				"west": {"uv": [9.5, 6.5, 11.75, 7], "texture": "#0"},
				"up": {"uv": [10.25, 13.25, 10, 11], "texture": "#0"},
				"down": {"uv": [10.5, 11, 10.25, 13.25], "texture": "#0"}
			}
		},
		{
			"from": [2.6, 1, 3.6],
			"to": [13.4, 3, 12.5],
			"faces": {
				"north": {"uv": [9.25, 2.75, 12, 3.25], "texture": "#0"},
				"east": {"uv": [9.5, 7, 11.75, 7.5], "texture": "#0"},
				"south": {"uv": [9.25, 3.25, 12, 3.75], "texture": "#0"},
				"west": {"uv": [9.5, 7.5, 11.75, 8], "texture": "#0"},
				"up": {"uv": [2.75, 2.25, 0, 0], "texture": "#0"},
				"down": {"uv": [2.75, 2.25, 0, 4.5], "texture": "#0"}
			}
		},
		{
			"from": [11.3, 3, 3.4],
			"to": [13.6, 5, 12.7],
			"faces": {
				"north": {"uv": [3.5, 11.5, 4, 12], "texture": "#0"},
				"east": {"uv": [9, 9.5, 11.25, 10], "texture": "#0"},
				"south": {"uv": [4, 11.5, 4.5, 12], "texture": "#0"},
				"west": {"uv": [9.75, 5.25, 12, 5.75], "texture": "#0"},
				"up": {"uv": [0.5, 11, 0, 8.75], "texture": "#0"},
				"down": {"uv": [1, 8.75, 0.5, 11], "texture": "#0"}
			}
		},
		{
			"from": [2.1, 5, 8.1],
			"to": [13.9, 13, 12.9],
			"faces": {
				"north": {"uv": [0, 4.5, 3, 6.5], "texture": "#0"},
				"east": {"uv": [8, 1.25, 9.25, 3.25], "texture": "#0"},
				"south": {"uv": [3, 4.5, 6, 6.5], "texture": "#0"},
				"west": {"uv": [8, 3.25, 9.25, 5.25], "texture": "#0"},
				"up": {"uv": [9.5, 8, 6.5, 6.75], "texture": "#0"},
				"down": {"uv": [11, 0, 8, 1.25], "texture": "#0"}
			}
		},
		{
			"from": [2.9, 15.6, 3.6],
			"to": [13, 17.3, 12.5],
			"rotation": {"angle": 0, "axis": "y", "origin": [0, 16, 0]},
			"faces": {
				"north": {"uv": [9.25, 3.75, 11.75, 4.25], "texture": "#0"},
				"east": {"uv": [9.75, 5.75, 12, 6.25], "texture": "#0"},
				"south": {"uv": [9.25, 4.25, 11.75, 4.75], "texture": "#0"},
				"west": {"uv": [4.5, 10, 6.75, 10.5], "texture": "#0"},
				"up": {"uv": [8, 2.25, 5.5, 0], "texture": "#0"},
				"down": {"uv": [8, 2.25, 5.5, 4.5], "texture": "#0"}
			}
		},
		{
			"from": [2.3, 13, 3.6],
			"to": [13.6, 15.7, 12.7],
			"rotation": {"angle": 0, "axis": "y", "origin": [0, 16, 0]},
			"faces": {
				"north": {"uv": [9, 8, 11.75, 8.75], "texture": "#0"},
				"east": {"uv": [9.25, 1.25, 11.5, 2], "texture": "#0"},
				"south": {"uv": [9, 8.75, 11.75, 9.5], "texture": "#0"},
				"west": {"uv": [9.25, 2, 11.5, 2.75], "texture": "#0"},
				"up": {"uv": [5.5, 2.25, 2.75, 0], "texture": "#0"},
				"down": {"uv": [5.5, 2.25, 2.75, 4.5], "texture": "#0"}
			}
		},
		{
			"from": [12.1, 5, 3.3],
			"to": [13.9, 13, 8.1],
			"faces": {
				"north": {"uv": [0, 11, 0.5, 13], "texture": "#0"},
				"east": {"uv": [6.5, 8, 7.75, 10], "texture": "#0"},
				"south": {"uv": [0.5, 11, 1, 13], "texture": "#0"},
				"west": {"uv": [7.75, 8, 9, 10], "texture": "#0"},
				"up": {"uv": [6, 12.25, 5.5, 11], "texture": "#0"},
				"down": {"uv": [6.5, 11, 6, 12.25], "texture": "#0"}
			}
		},
		{
			"from": [2.1, 5, 3.3],
			"to": [3.9, 13, 8.1],
			"faces": {
				"north": {"uv": [1, 11, 1.5, 13], "texture": "#0"},
				"east": {"uv": [2, 8.25, 3.25, 10.25], "texture": "#0"},
				"south": {"uv": [1.5, 11, 2, 13], "texture": "#0"},
				"west": {"uv": [3.25, 8.5, 4.5, 10.5], "texture": "#0"},
				"up": {"uv": [7, 12.25, 6.5, 11], "texture": "#0"},
				"down": {"uv": [7.5, 11, 7, 12.25], "texture": "#0"}
			}
		},
		{
			"from": [2.3, 3, 3.4],
			"to": [4.6, 5, 12.7],
			"faces": {
				"north": {"uv": [4.5, 11.5, 5, 12], "texture": "#0"},
				"east": {"uv": [6.75, 10, 9, 10.5], "texture": "#0"},
				"south": {"uv": [11.5, 4.75, 12, 5.25], "texture": "#0"},
				"west": {"uv": [9, 10, 11.25, 10.5], "texture": "#0"},
				"up": {"uv": [1.5, 11, 1, 8.75], "texture": "#0"},
				"down": {"uv": [2, 8.75, 1.5, 11], "texture": "#0"}
			}
		},
		{
			"from": [4.6, 3, 8.1],
			"to": [11.3, 5, 12.7],
			"faces": {
				"north": {"uv": [2, 11, 3.75, 11.5], "texture": "#0"},
				"east": {"uv": [7.5, 11, 8.75, 11.5], "texture": "#0"},
				"south": {"uv": [3.75, 11, 5.5, 11.5], "texture": "#0"},
				"west": {"uv": [8.75, 11, 10, 11.5], "texture": "#0"},
				"up": {"uv": [9.75, 6.5, 8, 5.25], "texture": "#0"},
				"down": {"uv": [6.25, 8.5, 4.5, 9.75], "texture": "#0"}
			}
		},
		{
			"from": [3.9, 11, 3.3],
			"to": [12.1, 13, 12.7],
			"rotation": {"angle": 0, "axis": "y", "origin": [0, 16, 0]},
			"faces": {
				"north": {"uv": [11, 0, 13, 0.5], "texture": "#0"},
				"east": {"uv": [2, 10.5, 4.25, 11], "texture": "#0"},
				"south": {"uv": [11, 0.5, 13, 1], "texture": "#0"},
				"west": {"uv": [4.25, 10.5, 6.5, 11], "texture": "#0"},
				"up": {"uv": [8, 6.75, 6, 4.5], "texture": "#0"},
				"down": {"uv": [2, 6.5, 0, 8.75], "texture": "#0"}
			}
		},
		{
			"from": [3.9, 9, 3.4],
			"to": [4.7, 11, 12.7],
			"faces": {
				"north": {"uv": [8.75, 11.5, 9, 12], "texture": "#0"},
				"east": {"uv": [6.5, 10.5, 8.75, 11], "texture": "#0"},
				"south": {"uv": [9, 11.5, 9.25, 12], "texture": "#0"},
				"west": {"uv": [8.75, 10.5, 11, 11], "texture": "#0"},
				"up": {"uv": [10.75, 13.25, 10.5, 11], "texture": "#0"},
				"down": {"uv": [11.25, 10.5, 11, 12.75], "texture": "#0"}
			}
		},
		{
			"from": [3.6, 0, 4.6],
			"to": [12.4, 1, 11.5],
			"faces": {
				"north": {"uv": [9.75, 6.25, 12, 6.5], "texture": "#0"},
				"east": {"uv": [4.25, 6.5, 6, 6.75], "texture": "#0"},
				"south": {"uv": [11, 1, 13.25, 1.25], "texture": "#0"},
				"west": {"uv": [4.5, 9.75, 6.25, 10], "texture": "#0"},
				"up": {"uv": [4.25, 8.25, 2, 6.5], "texture": "#0"},
				"down": {"uv": [6.5, 6.75, 4.25, 8.5], "texture": "#0"}
			}
		},
		{
			"from": [12.4, 13, 3.4],
			"to": [13.6, 15.7, 5.4],
			"rotation": {"angle": 0, "axis": "y", "origin": [0, 16, 0]},
			"faces": {
				"north": {"uv": [6.25, 8.5, 6.5, 9.25], "texture": "#0"},
				"east": {"uv": [11.25, 9.5, 11.75, 10.25], "texture": "#0"},
				"south": {"uv": [6.25, 9.25, 6.5, 10], "texture": "#0"},
				"west": {"uv": [11.25, 10.25, 11.75, 11], "texture": "#0"},
				"up": {"uv": [9.5, 12, 9.25, 11.5], "texture": "#0"},
				"down": {"uv": [9.75, 11.5, 9.5, 12], "texture": "#0"}
			}
		},
		{
			"from": [11.2, 15, 3.4],
			"to": [12.4, 15.7, 5.4],
			"rotation": {"angle": 0, "axis": "y", "origin": [0, 16, 0]},
			"faces": {
				"north": {"uv": [3, 10.25, 3.25, 10.5], "texture": "#0"},
				"east": {"uv": [8, 6.5, 8.5, 6.75], "texture": "#0"},
				"south": {"uv": [12, 9, 12.25, 9.25], "texture": "#0"},
				"west": {"uv": [3.25, 8.25, 3.75, 8.5], "texture": "#0"},
				"up": {"uv": [10, 12, 9.75, 11.5], "texture": "#0"},
				"down": {"uv": [12, 3.75, 11.75, 4.25], "texture": "#0"}
			}
		},
		{
			"from": [11.2, 13, 3.4],
			"to": [12.4, 13.7, 5.4],
			"rotation": {"angle": 0, "axis": "y", "origin": [0, 16, 0]},
			"faces": {
				"north": {"uv": [9.25, 12, 9.5, 12.25], "texture": "#0"},
				"east": {"uv": [3.75, 8.25, 4.25, 8.5], "texture": "#0"},
				"south": {"uv": [9.5, 12, 9.75, 12.25], "texture": "#0"},
				"west": {"uv": [8.5, 6.5, 9, 6.75], "texture": "#0"},
				"up": {"uv": [12, 4.75, 11.75, 4.25], "texture": "#0"},
				"down": {"uv": [12, 6.5, 11.75, 7], "texture": "#0"}
			}
		},
		{
			"from": [10, 13, 3.4],
			"to": [11.2, 13.7, 5.4],
			"rotation": {"angle": 0, "axis": "y", "origin": [0, 16, 0]},
			"faces": {
				"north": {"uv": [9.75, 12, 10, 12.25], "texture": "#0"},
				"east": {"uv": [9, 6.5, 9.5, 6.75], "texture": "#0"},
				"south": {"uv": [12, 9.75, 12.25, 10], "texture": "#0"},
				"west": {"uv": [2, 10.25, 2.5, 10.5], "texture": "#0"},
				"up": {"uv": [12, 7.5, 11.75, 7], "texture": "#0"},
				"down": {"uv": [12, 7.5, 11.75, 8], "texture": "#0"}
			}
		},
		{
			"from": [10, 14.8, 3.4],
			"to": [11.2, 15.7, 5.4],
			"rotation": {"angle": 0, "axis": "y", "origin": [0, 16, 0]},
			"faces": {
				"north": {"uv": [12, 10, 12.25, 10.25], "texture": "#0"},
				"east": {"uv": [2.5, 10.25, 3, 10.5], "texture": "#0"},
				"south": {"uv": [12, 10.25, 12.25, 10.5], "texture": "#0"},
				"west": {"uv": [11.75, 8, 12.25, 8.25], "texture": "#0"},
				"up": {"uv": [12, 8.75, 11.75, 8.25], "texture": "#0"},
				"down": {"uv": [12, 8.75, 11.75, 9.25], "texture": "#0"}
			}
		},
		{
			"from": [8.8, 14.5, 3.4],
			"to": [10, 15.7, 5.4],
			"rotation": {"angle": 0, "axis": "y", "origin": [0, 16, 0]},
			"faces": {
				"north": {"uv": [12, 10.5, 12.25, 10.75], "texture": "#0"},
				"east": {"uv": [11.75, 9.25, 12.25, 9.5], "texture": "#0"},
				"south": {"uv": [11.5, 12, 11.75, 12.25], "texture": "#0"},
				"west": {"uv": [11.75, 9.5, 12.25, 9.75], "texture": "#0"},
				"up": {"uv": [12, 10.25, 11.75, 9.75], "texture": "#0"},
				"down": {"uv": [12, 10.25, 11.75, 10.75], "texture": "#0"}
			}
		},
		{
			"from": [8.8, 12.5, 3.4],
			"to": [10, 13.7, 5.4],
			"rotation": {"angle": 0, "axis": "y", "origin": [0, 16, 0]},
			"faces": {
				"north": {"uv": [11.75, 12, 12, 12.25], "texture": "#0"},
				"east": {"uv": [11.75, 10.75, 12.25, 11], "texture": "#0"},
				"south": {"uv": [12, 11.75, 12.25, 12], "texture": "#0"},
				"west": {"uv": [11.75, 11, 12.25, 11.25], "texture": "#0"},
				"up": {"uv": [11, 12.25, 10.75, 11.75], "texture": "#0"},
				"down": {"uv": [11.5, 11.75, 11.25, 12.25], "texture": "#0"}
			}
		},
		{
			"from": [8.8, 13.7, 3.4],
			"to": [9.6, 14.5, 5.4],
			"rotation": {"angle": 0, "axis": "y", "origin": [0, 16, 0]},
			"faces": {
				"north": {"uv": [12, 12, 12.25, 12.25], "texture": "#0"},
				"east": {"uv": [11.75, 11.25, 12.25, 11.5], "texture": "#0"},
				"south": {"uv": [12.25, 1.25, 12.5, 1.5], "texture": "#0"},
				"west": {"uv": [11.5, 11.75, 12, 12], "texture": "#0"},
				"up": {"uv": [12.25, 1.75, 12, 1.25], "texture": "#0"},
				"down": {"uv": [12.25, 1.75, 12, 2.25], "texture": "#0"}
			}
		},
		{
			"from": [2.4, 13, 3.4],
			"to": [3.6, 15.7, 5.4],
			"rotation": {"angle": 0, "axis": "y", "origin": [16, 16, 0]},
			"faces": {
				"north": {"uv": [10.75, 11, 11, 11.75], "texture": "#0"},
				"east": {"uv": [11.25, 11, 11.75, 11.75], "texture": "#0"},
				"south": {"uv": [8, 11.5, 8.25, 12.25], "texture": "#0"},
				"west": {"uv": [11.5, 1.25, 12, 2], "texture": "#0"},
				"up": {"uv": [12.25, 2.75, 12, 2.25], "texture": "#0"},
				"down": {"uv": [12.25, 2.75, 12, 3.25], "texture": "#0"}
			}
		},
		{
			"from": [3.6, 15, 3.4],
			"to": [4.8, 15.7, 5.4],
			"rotation": {"angle": 0, "axis": "y", "origin": [16, 16, 0]},
			"faces": {
				"north": {"uv": [12.25, 1.5, 12.5, 1.75], "texture": "#0"},
				"east": {"uv": [11.75, 11.5, 12.25, 11.75], "texture": "#0"},
				"south": {"uv": [12.25, 1.75, 12.5, 2], "texture": "#0"},
				"west": {"uv": [12, 3.25, 12.5, 3.5], "texture": "#0"},
				"up": {"uv": [3.75, 12.5, 3.5, 12], "texture": "#0"},
				"down": {"uv": [12.25, 3.5, 12, 4], "texture": "#0"}
			}
		},
		{
			"from": [3.6, 13, 3.4],
			"to": [4.8, 13.7, 5.4],
			"rotation": {"angle": 0, "axis": "y", "origin": [16, 16, 0]},
			"faces": {
				"north": {"uv": [2, 12.25, 2.25, 12.5], "texture": "#0"},
				"east": {"uv": [3.75, 12, 4.25, 12.25], "texture": "#0"},
				"south": {"uv": [12.25, 2, 12.5, 2.25], "texture": "#0"},
				"west": {"uv": [12, 4, 12.5, 4.25], "texture": "#0"},
				"up": {"uv": [4.5, 12.5, 4.25, 12], "texture": "#0"},
				"down": {"uv": [12.25, 4.25, 12, 4.75], "texture": "#0"}
			}
		},
		{
			"from": [4.8, 13, 3.4],
			"to": [6, 13.7, 5.4],
			"rotation": {"angle": 0, "axis": "y", "origin": [16, 16, 0]},
			"faces": {
				"north": {"uv": [2.25, 12.25, 2.5, 12.5], "texture": "#0"},
				"east": {"uv": [4.5, 12, 5, 12.25], "texture": "#0"},
				"south": {"uv": [12.25, 2.25, 12.5, 2.5], "texture": "#0"},
				"west": {"uv": [12, 4.75, 12.5, 5], "texture": "#0"},
				"up": {"uv": [5.25, 12.5, 5, 12], "texture": "#0"},
				"down": {"uv": [12.25, 5, 12, 5.5], "texture": "#0"}
			}
		},
		{
			"from": [4.8, 14.8, 3.4],
			"to": [6, 15.7, 5.4],
			"rotation": {"angle": 0, "axis": "y", "origin": [16, 16, 0]},
			"faces": {
				"north": {"uv": [2.5, 12.25, 2.75, 12.5], "texture": "#0"},
				"east": {"uv": [12, 5.5, 12.5, 5.75], "texture": "#0"},
				"south": {"uv": [12.25, 2.5, 12.5, 2.75], "texture": "#0"},
				"west": {"uv": [12, 5.75, 12.5, 6], "texture": "#0"},
				"up": {"uv": [5.5, 12.5, 5.25, 12], "texture": "#0"},
				"down": {"uv": [12.25, 6, 12, 6.5], "texture": "#0"}
			}
		},
		{
			"from": [6, 14.5, 3.4],
			"to": [7.2, 15.7, 5.4],
			"rotation": {"angle": 0, "axis": "y", "origin": [16, 16, 0]},
			"faces": {
				"north": {"uv": [2.75, 12.25, 3, 12.5], "texture": "#0"},
				"east": {"uv": [12, 6.5, 12.5, 6.75], "texture": "#0"},
				"south": {"uv": [12.25, 2.75, 12.5, 3], "texture": "#0"},
				"west": {"uv": [12, 6.75, 12.5, 7], "texture": "#0"},
				"up": {"uv": [12.25, 7.5, 12, 7], "texture": "#0"},
				"down": {"uv": [7.75, 12, 7.5, 12.5], "texture": "#0"}
			}
		},
		{
			"from": [6, 12.5, 3.4],
			"to": [7.2, 13.7, 5.4],
			"rotation": {"angle": 0, "axis": "y", "origin": [16, 16, 0]},
			"faces": {
				"north": {"uv": [3, 12.25, 3.25, 12.5], "texture": "#0"},
				"east": {"uv": [12, 7.5, 12.5, 7.75], "texture": "#0"},
				"south": {"uv": [12.25, 3, 12.5, 3.25], "texture": "#0"},
				"west": {"uv": [12, 7.75, 12.5, 8], "texture": "#0"},
				"up": {"uv": [8, 12.5, 7.75, 12], "texture": "#0"},
				"down": {"uv": [8.5, 12, 8.25, 12.5], "texture": "#0"}
			}
		},
		{
			"from": [6.4, 13.7, 3.4],
			"to": [7.2, 14.5, 5.4],
			"rotation": {"angle": 0, "axis": "y", "origin": [16, 16, 0]},
			"faces": {
				"north": {"uv": [3.25, 12.25, 3.5, 12.5], "texture": "#0"},
				"east": {"uv": [12, 8.25, 12.5, 8.5], "texture": "#0"},
				"south": {"uv": [12.25, 3.5, 12.5, 3.75], "texture": "#0"},
				"west": {"uv": [8.5, 12, 9, 12.25], "texture": "#0"},
				"up": {"uv": [12.25, 9, 12, 8.5], "texture": "#0"},
				"down": {"uv": [9.25, 12, 9, 12.5], "texture": "#0"}
			}
		},
		{
			"from": [7.2, 13, 3.4],
			"to": [8.8, 15.7, 5.4],
			"rotation": {"angle": 0, "axis": "y", "origin": [16, 16, 0]},
			"faces": {
				"north": {"uv": [2, 11.5, 2.5, 12.25], "texture": "#0"},
				"east": {"uv": [11.5, 2, 12, 2.75], "texture": "#0"},
				"south": {"uv": [2.5, 11.5, 3, 12.25], "texture": "#0"},
				"west": {"uv": [3, 11.5, 3.5, 12.25], "texture": "#0"},
				"up": {"uv": [5.5, 12, 5, 11.5], "texture": "#0"},
				"down": {"uv": [8, 11.5, 7.5, 12], "texture": "#0"}
			}
		},
		{
			"from": [10, 10, 4],
			"to": [11, 11, 5],
			"faces": {
				"north": {"uv": [0, 0, 0.25, 0.25], "texture": "#1"},
				"east": {"uv": [0, 0, 0.25, 0.25], "texture": "#1"},
				"south": {"uv": [0, 0, 0.25, 0.25], "texture": "#1"},
				"west": {"uv": [0, 0, 0.25, 0.25], "texture": "#1"},
				"up": {"uv": [0, 0, 0.25, 0.25], "texture": "#1"},
				"down": {"uv": [0, 0, 0.25, 0.25], "texture": "#1"}
			}
		},
		{
			"from": [10.2, 9, 4.2],
			"to": [10.8, 10, 4.8],
			"faces": {
				"north": {"uv": [0, 0, 0.15, 0.25], "texture": "#1"},
				"east": {"uv": [0, 0, 0.15, 0.25], "texture": "#1"},
				"south": {"uv": [0, 0, 0.15, 0.25], "texture": "#1"},
				"west": {"uv": [0, 0, 0.15, 0.25], "texture": "#1"},
				"up": {"uv": [0, 0, 0.15, 0.15], "texture": "#1"},
				"down": {"uv": [0, 0, 0.15, 0.15], "texture": "#1"}
			}
		},
		{
			"from": [10.4, 8.6, 4.4],
			"to": [10.6, 9, 4.7],
			"faces": {
				"north": {"uv": [0, 0, 0.05, 0.1], "texture": "#1"},
				"east": {"uv": [0, 0, 0.075, 0.1], "texture": "#1"},
				"south": {"uv": [0, 0, 0.05, 0.1], "texture": "#1"},
				"west": {"uv": [0, 0, 0.075, 0.1], "texture": "#1"},
				"up": {"uv": [0, 0, 0.05, 0.075], "texture": "#1"},
				"down": {"uv": [0, 0, 0.05, 0.075], "texture": "#1"}
			}
		},
		{
			"from": [8.2, 9.6, 4],
			"to": [9.2, 11, 5],
			"faces": {
				"north": {"uv": [0, 0, 0.25, 0.35], "texture": "#1"},
				"east": {"uv": [0, 0, 0.25, 0.35], "texture": "#1"},
				"south": {"uv": [0, 0, 0.25, 0.35], "texture": "#1"},
				"west": {"uv": [0, 0, 0.25, 0.35], "texture": "#1"},
				"up": {"uv": [0, 0, 0.25, 0.25], "texture": "#1"},
				"down": {"uv": [0, 0, 0.25, 0.25], "texture": "#1"}
			}
		},
		{
			"from": [8.4, 8.6, 4.2],
			"to": [9, 10, 4.8],
			"faces": {
				"north": {"uv": [0, 0, 0.15, 0.35], "texture": "#1"},
				"east": {"uv": [0, 0, 0.15, 0.35], "texture": "#1"},
				"south": {"uv": [0, 0, 0.15, 0.35], "texture": "#1"},
				"west": {"uv": [0, 0, 0.15, 0.35], "texture": "#1"},
				"up": {"uv": [0, 0, 0.15, 0.15], "texture": "#1"},
				"down": {"uv": [0, 0, 0.15, 0.15], "texture": "#1"}
			}
		},
		{
			"from": [8.6, 8.2, 4.4],
			"to": [8.8, 9, 4.7],
			"faces": {
				"north": {"uv": [0, 0, 0.05, 0.2], "texture": "#1"},
				"east": {"uv": [0, 0, 0.075, 0.2], "texture": "#1"},
				"south": {"uv": [0, 0, 0.05, 0.2], "texture": "#1"},
				"west": {"uv": [0, 0, 0.075, 0.2], "texture": "#1"},
				"up": {"uv": [0, 0, 0.05, 0.075], "texture": "#1"},
				"down": {"uv": [0, 0, 0.05, 0.075], "texture": "#1"}
			}
		},
		{
			"from": [5.2, 9.8, 4],
			"to": [6.2, 11, 5],
			"faces": {
				"north": {"uv": [0, 0, 0.25, 0.3], "texture": "#1"},
				"east": {"uv": [0, 0, 0.25, 0.3], "texture": "#1"},
				"south": {"uv": [0, 0, 0.25, 0.3], "texture": "#1"},
				"west": {"uv": [0, 0, 0.25, 0.3], "texture": "#1"},
				"up": {"uv": [0, 0, 0.25, 0.25], "texture": "#1"},
				"down": {"uv": [0, 0, 0.25, 0.25], "texture": "#1"}
			}
		},
		{
			"from": [5.4, 8.8, 4.2],
			"to": [6, 10, 4.8],
			"faces": {
				"north": {"uv": [0, 0, 0.15, 0.3], "texture": "#1"},
				"east": {"uv": [0, 0, 0.15, 0.3], "texture": "#1"},
				"south": {"uv": [0, 0, 0.15, 0.3], "texture": "#1"},
				"west": {"uv": [0, 0, 0.15, 0.3], "texture": "#1"},
				"up": {"uv": [0, 0, 0.15, 0.15], "texture": "#1"},
				"down": {"uv": [0, 0, 0.15, 0.15], "texture": "#1"}
			}
		},
		{
			"from": [5.6, 8.4, 4.4],
			"to": [5.8, 9, 4.7],
			"faces": {
				"north": {"uv": [0, 0, 0.05, 0.15], "texture": "#1"},
				"east": {"uv": [0, 0, 0.075, 0.15], "texture": "#1"},
				"south": {"uv": [0, 0, 0.05, 0.15], "texture": "#1"},
				"west": {"uv": [0, 0, 0.075, 0.15], "texture": "#1"},
				"up": {"uv": [0, 0, 0.05, 0.075], "texture": "#1"},
				"down": {"uv": [0, 0, 0.05, 0.075], "texture": "#1"}
			}
		},
		{
			"from": [5.9, 3, 4],
			"to": [6.9, 4.2, 5],
			"rotation": {"angle": 0, "axis": "y", "origin": [0, 16, 0]},
			"faces": {
				"north": {"uv": [0, 0.3, 0.25, 0.6], "texture": "#1"},
				"east": {"uv": [0, 0.3, 0.25, 0.6], "texture": "#1"},
				"south": {"uv": [0, 0.3, 0.25, 0.6], "texture": "#1"},
				"west": {"uv": [0, 0.3, 0.25, 0.6], "texture": "#1"},
				"up": {"uv": [0, 0.25, 0.25, 0.5], "texture": "#1"},
				"down": {"uv": [0, 0.25, 0.25, 0.5], "texture": "#1"}
			}
		},
		{
			"from": [6.1, 4, 4.2],
			"to": [6.7, 5.2, 4.8],
			"rotation": {"angle": 0, "axis": "y", "origin": [0, 16, 0]},
			"faces": {
				"north": {"uv": [0, 0.3, 0.15, 0.6], "texture": "#1"},
				"east": {"uv": [0, 0.3, 0.15, 0.6], "texture": "#1"},
				"south": {"uv": [0, 0.3, 0.15, 0.6], "texture": "#1"},
				"west": {"uv": [0, 0.3, 0.15, 0.6], "texture": "#1"},
				"up": {"uv": [0, 0.15, 0.15, 0.3], "texture": "#1"},
				"down": {"uv": [0, 0.15, 0.15, 0.3], "texture": "#1"}
			}
		},
		{
			"from": [6.3, 5, 4.4],
			"to": [6.5, 5.6, 4.7],
			"rotation": {"angle": 0, "axis": "y", "origin": [0, 16, 0]},
			"faces": {
				"north": {"uv": [0, 0.15, 0.05, 0.3], "texture": "#1"},
				"east": {"uv": [0, 0.15, 0.075, 0.3], "texture": "#1"},
				"south": {"uv": [0, 0.15, 0.05, 0.3], "texture": "#1"},
				"west": {"uv": [0, 0.15, 0.075, 0.3], "texture": "#1"},
				"up": {"uv": [0, 0.075, 0.05, 0.15], "texture": "#1"},
				"down": {"uv": [0, 0.075, 0.05, 0.15], "texture": "#1"}
			}
		},
		{
			"from": [8.8, 3, 4],
			"to": [9.7, 3.7, 5],
			"rotation": {"angle": 0, "axis": "y", "origin": [0, 16, 0]},
			"faces": {
				"north": {"uv": [0, 0.3, 0.225, 0.475], "texture": "#1"},
				"east": {"uv": [0, 0.3, 0.25, 0.475], "texture": "#1"},
				"south": {"uv": [0, 0.3, 0.225, 0.475], "texture": "#1"},
				"west": {"uv": [0, 0.3, 0.25, 0.475], "texture": "#1"},
				"up": {"uv": [0, 0.25, 0.225, 0.5], "texture": "#1"},
				"down": {"uv": [0, 0.25, 0.225, 0.5], "texture": "#1"}
			}
		},
		{
			"from": [9, 3.7, 4.2],
			"to": [9.5, 4.7, 4.8],
			"rotation": {"angle": 0, "axis": "y", "origin": [0, 16, 0]},
			"faces": {
				"north": {"uv": [0, 0.3, 0.125, 0.55], "texture": "#1"},
				"east": {"uv": [0, 0.3, 0.15, 0.55], "texture": "#1"},
				"south": {"uv": [0, 0.3, 0.125, 0.55], "texture": "#1"},
				"west": {"uv": [0, 0.3, 0.15, 0.55], "texture": "#1"},
				"up": {"uv": [0, 0.15, 0.125, 0.3], "texture": "#1"},
				"down": {"uv": [0, 0.15, 0.125, 0.3], "texture": "#1"}
			}
		},
		{
			"from": [9.2, 4.6, 4.4],
			"to": [9.3, 5.1, 4.7],
			"rotation": {"angle": 0, "axis": "y", "origin": [0, 16, 0]},
			"faces": {
				"north": {"uv": [0, 0.15, 0.025, 0.275], "texture": "#1"},
				"east": {"uv": [0, 0.15, 0.075, 0.275], "texture": "#1"},
				"south": {"uv": [0, 0.15, 0.025, 0.275], "texture": "#1"},
				"west": {"uv": [0, 0.15, 0.075, 0.275], "texture": "#1"},
				"up": {"uv": [0, 0.075, 0.025, 0.15], "texture": "#1"},
				"down": {"uv": [0, 0.075, 0.025, 0.15], "texture": "#1"}
			}
		}
	],
	"display": {
		"thirdperson_righthand": {
			"rotation": [-84, -89, 6],
			"translation": [0, -2, 2.75],
			"scale": [0.58, 0.54, 0.54]
		},
		"thirdperson_lefthand": {
			"rotation": [-84, -89, 6],
			"translation": [0, -2, 2.75],
			"scale": [0.58, 0.54, 0.54]
		},
		"firstperson_righthand": {
			"rotation": [8, -180, 5],
			"translation": [-9, 7.75, 2],
			"scale": [0.6, 0.6, 0.6]
		},
		"firstperson_lefthand": {
			"rotation": [8, -180, 5],
			"translation": [-9, 7.75, 2],
			"scale": [0.6, 0.6, 0.6]
		},
		"ground": {
			"scale": [0.5, 0.5, 0.5]
		},
		"gui": {
			"rotation": [0, -180, 0],
			"translation": [0, -0.5, 0]
		},
		"head": {
			"scale": [2, 2, 2]
		},
		"fixed": {
			"translation": [0, -0.75, -0.75]
		}
	},
	"groups": [
		{
			"name": "head",
			"origin": [16, 16, 0],
			"color": 0,
			"children": [0, 1, 2, 3, 4, 5, 6, 7, 8, 9, 10, 11, 12, 13, 14, 15, 16, 17, 18, 19, 20, 21, 22, 23, 24, 25, 26, 27, 28, 29]
		},
		{
			"name": "teeth",
			"origin": [8, 8, 8],
			"color": 0,
			"children": [30, 31, 32, 33, 34, 35, 36, 37, 38, 39, 40, 41, 42, 43, 44]
		}
	]
}