{
	"credit": "Made with Blockbench",
	"textures": {
		"0": "custom/slender_person/arms",
		"1": "custom/slender_person/bottom",
		"2": "custom/slender_person/body_front",
		"3": "custom/slender_person/top",
		"4": "custom/slender_person/body_not_front",
		"5": "custom/slender_person/head",
		"particle": "custom/arms"
	},
	"elements": [
		{
			"name": "left_arm",
			"from": [2, 4, 7],
			"to": [4, 12, 9],
			"rotation": {"angle": 0, "axis": "y", "origin": [2, 14, 7]},
			"faces": {
				"north": {"uv": [0, 0, 2, 16], "texture": "#0"},
				"east": {"uv": [0, 0, 2, 16], "texture": "#0"},
				"south": {"uv": [0, 0, 2, 16], "texture": "#0"},
				"west": {"uv": [0, 0, 2, 16], "texture": "#0"},
				"up": {"uv": [0, 0, 2, 2], "texture": "#3"},
				"down": {"uv": [0, 0, 2, 2], "texture": "#1"}
			}
		},
		{
			"name": "left_arm",
			"from": [2, 1, 13],
			"to": [4, 9, 15],
			"rotation": {"angle": 45, "axis": "x", "origin": [2, 14, 7]},
			"faces": {
				"north": {"uv": [0, 0, 2, 16], "texture": "#0"},
				"east": {"uv": [0, 0, 2, 16], "texture": "#0"},
				"south": {"uv": [0, 0, 2, 16], "texture": "#0"},
				"west": {"uv": [0, 0, 2, 16], "texture": "#0"},
				"up": {"uv": [0, 0, 2, 2], "texture": "#3"},
				"down": {"uv": [0, 0, 2, 2], "texture": "#1"}
			}
		},
		{
			"name": "right_arm",
			"from": [12, 2.7, 7],
			"to": [14, 11, 9],
			"rotation": {"angle": 0, "axis": "y", "origin": [12, 12, 7]},
			"faces": {
				"north": {"uv": [0, 0, 2, 16], "texture": "#0"},
				"east": {"uv": [0, 0, 2, 16], "texture": "#0"},
				"south": {"uv": [0, 0, 2, 16], "texture": "#0"},
				"west": {"uv": [0, 0, 2, 16], "texture": "#0"},
				"up": {"uv": [0, 0, 2, 2], "texture": "#3"},
				"down": {"uv": [0, 0, 2, 2], "texture": "#1"}
			}
		},
		{
			"name": "right_arm",
			"from": [12, -0.3, 13],
			"to": [14, 8, 15],
			"rotation": {"angle": 45, "axis": "x", "origin": [12, 12, 7]},
			"faces": {
				"north": {"uv": [0, 0, 2, 16], "texture": "#0"},
				"east": {"uv": [0, 0, 2, 16], "texture": "#0"},
				"south": {"uv": [0, 0, 2, 16], "texture": "#0"},
				"west": {"uv": [0, 0, 2, 16], "texture": "#0"},
				"up": {"uv": [0, 0, 2, 2], "texture": "#3"},
				"down": {"uv": [0, 0, 2, 2], "texture": "#1"}
			}
		},
		{
			"name": "right_leg",
			"from": [11, 4.5, 9],
			"to": [13, 18, 11],
			"rotation": {"angle": 45, "axis": "x", "origin": [9, 0, 7]},
			"faces": {
				"north": {"uv": [0, 0, 2, 16], "rotation": 180, "texture": "#0"},
				"east": {"uv": [0, 0, 2, 16], "rotation": 180, "texture": "#0"},
				"south": {"uv": [0, 0, 2, 16], "rotation": 180, "texture": "#0"},
				"west": {"uv": [0, 0, 2, 16], "rotation": 180, "texture": "#0"},
				"up": {"uv": [0, 0, 2, 2], "texture": "#1"},
				"down": {"uv": [0, 0, 2, 2], "texture": "#0"}
			}
		},
		{
			"name": "left_leg",
			"from": [3, -4, 13],
			"to": [5, -2, 25],
			"rotation": {"angle": -45, "axis": "x", "origin": [5, 0, 7]},
			"faces": {
				"north": {"uv": [0, 0, 2, 16], "rotation": 180, "texture": "#0"},
				"east": {"uv": [0, 0, 2, 16], "rotation": 90, "texture": "#0"},
				"south": {"uv": [0, 0, 2, 16], "texture": "#1"},
				"west": {"uv": [0, 0, 2, 16], "rotation": 270, "texture": "#0"},
				"up": {"uv": [0, 0, 2, 16], "texture": "#0"},
				"down": {"uv": [0, 0, 2, 16], "rotation": 180, "texture": "#0"}
			}
		},
		{
			"name": "left_leg",
			"from": [-2.5, 0, 20],
			"to": [-0.5, 12, 22],
			"rotation": {"angle": -22.5, "axis": "z", "origin": [-1, -3, 19]},
			"faces": {
				"north": {"uv": [0, 0, 2, 16], "texture": "#0"},
				"east": {"uv": [0, 0, 2, 16], "texture": "#0"},
				"south": {"uv": [0, 0, 2, 16], "texture": "#0"},
				"west": {"uv": [0, 0, 2, 16], "texture": "#0"},
				"up": {"uv": [0, 0, 2, 16], "texture": "#0"},
				"down": {"uv": [0, 0, 2, 16], "texture": "#1"}
			}
		},
		{
			"name": "left_leg",
			"from": [15.2, -7.1, 20],
			"to": [17.2, 4.9, 22],
			"rotation": {"angle": 22.5, "axis": "z", "origin": [-1, -3, 19]},
			"faces": {
				"north": {"uv": [0, 0, 2, 16], "texture": "#0"},
				"east": {"uv": [0, 0, 2, 16], "texture": "#0"},
				"south": {"uv": [0, 0, 2, 16], "texture": "#0"},
				"west": {"uv": [0, 0, 2, 16], "texture": "#0"},
				"up": {"uv": [0, 0, 2, 16], "texture": "#0"},
				"down": {"uv": [0, 0, 2, 16], "texture": "#1"}
			}
		},
		{
			"name": "head",
			"from": [-7, 10, 0],
			"to": [-1, 16, 6],
			"rotation": {"angle": 22.5, "axis": "z", "origin": [0, 41, 5]},
			"faces": {
				"north": {"uv": [0, 0, 6, 6], "texture": "#5"},
				"east": {"uv": [0, 0, 6, 6], "texture": "#5"},
				"south": {"uv": [0, 0, 6, 6], "texture": "#5"},
				"west": {"uv": [0, 0, 6, 6], "texture": "#5"},
				"up": {"uv": [0, 0, 6, 6], "texture": "#5"},
				"down": {"uv": [0, 0, 6, 6], "texture": "#5"}
			}
		},
		{
			"name": "body",
			"from": [4, 2, -6],
			"to": [12, 16, -2],
			"rotation": {"angle": -45, "axis": "x", "origin": [4, 25, 6]},
			"faces": {
				"north": {"uv": [0, 0, 8, 10], "texture": "#2"},
				"east": {"uv": [0, 0, 4, 10], "texture": "#4"},
				"south": {"uv": [0, 0, 8, 10], "texture": "#4"},
				"west": {"uv": [0, 0, 4, 10], "texture": "#4"},
				"up": {"uv": [0, 0, 8, 4], "texture": "#4"},
				"down": {"uv": [0, 0, 8, 4], "texture": "#4"}
			}
		}
	],
	"display": {
		"thirdperson_righthand": {
			"rotation": [90, 0, 0],
			"translation": [-6, -2, 4],
			"scale": [1.5, 2, 1.5]
		},
		"head": {
			"translation": [0, -21.25, 0],
			"scale": [2, 2.5, 2]
		}
	},
	"groups": [
		{
			"name": "arms",
			"origin": [8, 8, 8],
			"children": [0, 1, 2, 3]
		},
		{
			"name": "legs",
			"origin": [8, 8, 8],
			"children": [4, 5, 6, 7]
		},
		{
			"name": "head",
			"origin": [8, 8, 8],
			"children": [8]
		},
		{
			"name": "body",
			"origin": [8, 8, 8],
			"children": [9]
		}
	]
}