{
    "parent": "item/handheld",
    "textures": {
        "layer0": "item/stone_hoe"
    },
	
    "overrides": [
		{"predicate": {"damaged": 0, "damage": 0.00757575757}, "model": "item/slenderman/null_item"},
		{"predicate": {"damaged": 0, "damage": 0.01515151515}, "model": "item/slenderman/slender_person"},
		{"predicate": {"damaged": 0, "damage": 0.02272727272}, "model": "item/slenderman/slender_person_animated_left_step"},
		{"predicate": {"damaged": 0, "damage": 0.03030303030}, "model": "item/slenderman/slender_person_animated_right_step"},
		{"predicate": {"damaged": 0, "damage": 0.03787878787}, "model": "item/slenderman/slender_person_angry_copy"},
		{"predicate": {"damaged": 0, "damage": 0.04545454545}, "model": "item/slenderman/slender_spider_1"},
		{"predicate": {"damaged": 0, "damage": 0.05303030303}, "model": "item/slenderman/slender_spider_2"},
		{"predicate": {"damaged": 0, "damage": 0.06060606060}, "model": "item/slenderman/letter_1"},
		{"predicate": {"damaged": 0, "damage": 0.06818181818}, "model": "item/slenderman/letter_2"},
		{"predicate": {"damaged": 0, "damage": 0.07575757575}, "model": "item/slenderman/letter_3"},
		{"predicate": {"damaged": 0, "damage": 0.08333333333}, "model": "item/slenderman/slender_skull"},
		{"predicate": {"damaged": 1, "damage": 0}, "model": "item/stone_hoe"}
    ]
}	